2025-06-06T12:39:42.254Z,Apple_iPhone_wcv78borj,-0.0468292236328125,-0.0415802001953125,-0.99853515625,-0.016639962792396545,-0.02955283224582672,0.023034745827317238,43.73688350921934,-79.26308476231884,170.24743163930606,-1.0,stationary
2025-06-06T12:39:43.755Z,Apple_iPhone_wcv78borj,0.39105224609375,0.08563232421875,-0.8137664794921875,0.6273890733718872,3.5226292610168457,1.159225583076477,43.73688350921934,-79.26308476231884,170.24743163930606,-1.0,turning
2025-06-06T12:39:45.256Z,Apple_iPhone_wcv78borj,0.243743896484375,0.3710784912109375,-0.9061737060546875,-1.4524004459381104,0.02178172767162323,-1.9113129377365112,43.73688350921934,-79.26308476231884,170.24743163930606,-1.0,turning
2025-06-06T12:39:46.758Z,Apple_iPhone_wcv78borj,-0.78619384765625,-0.3584747314453125,-0.175872802734375,0.7891169786453247,-0.3594188988208771,-0.5032724738121033,43.73688350921934,-79.26308476231884,170.24743163930606,-1.0,stationary
2025-06-06T12:39:48.260Z,Apple_iPhone_wcv78borj,-0.42083740234375,-0.8195953369140625,0.3292236328125,-0.3404694199562073,0.48792704939842224,0.6974022388458252,43.73688350921934,-79.26308476231884,170.24743163930606,-1.0,stationary
2025-06-06T12:39:49.770Z,Apple_iPhone_wcv78borj,0.4735107421875,0.6360321044921875,-0.6453399658203125,0.3618285059928894,0.05131751671433449,1.4372023344039917,43.73688350921934,-79.26308476231884,170.24743163930606,-1.0,stationary
2025-06-06T12:39:51.272Z,Apple_iPhone_wcv78borj,0.270355224609375,-0.730804443359375,-0.6290130615234375,-0.08606963604688644,-0.03560779616236687,-0.1448535919189453,43.73689291062797,-79.26310242500975,159.17307728750265,0.0,stationary
2025-06-06T12:39:52.773Z,Apple_iPhone_wcv78borj,0.7008209228515625,-0.16943359375,-0.7159423828125,-0.28023964166641235,-0.1756778210401535,-1.1202237606048584,43.73689291062797,-79.26310242500975,159.17307728750265,0.0,stationary
2025-06-06T12:39:54.273Z,Apple_iPhone_wcv78borj,-0.2491912841796875,0.473236083984375,-0.8453521728515625,0.40825405716896057,-0.47854581475257874,-0.2590984106063843,43.736886016339824,-79.26309344727002,169.98338445593737,-1.0,stationary
2025-06-06T12:39:55.773Z,Apple_iPhone_wcv78borj,-0.464630126953125,-0.4699859619140625,-0.7234344482421875,1.097651720046997,0.8821561336517334,0.5556989312171936,43.736892436339375,-79.26307888848471,170.01035130875292,1.659773826599121,stationary
2025-06-06T12:39:57.274Z,Apple_iPhone_wcv78borj,0.5121002197265625,-0.4364471435546875,-0.7919158935546875,-0.7255572080612183,0.5075942277908325,-0.31744906306266785,43.73688215553944,-79.2630958004884,169.87174234517983,0.0,stationary
2025-06-06T12:39:58.775Z,Apple_iPhone_wcv78borj,-0.441741943359375,-0.0019989013671875,-0.9365692138671875,-0.4066215455532074,-0.6328773498535156,-0.18191812932491302,43.73688703521113,-79.26318551133258,169.86121254933732,0.0,stationary
2025-06-06T12:40:00.275Z,Apple_iPhone_wcv78borj,-0.20703125,-0.3476715087890625,-0.974700927734375,0.031319040805101395,-0.7546732425689697,0.04254692792892456,43.73688621953419,-79.26322667046702,170.05034664250698,-1.0,stationary
2025-06-06T12:50:54.202Z,Apple_iPhone_gnoc66udu,-0.080322265625,0.010833740234375,-0.9945220947265625,0.0028716865926980972,0.004192880820482969,0.0024381240364164114,43.73688350921934,-79.26308476231884,170.25357718229458,-1.0,stationary
2025-06-06T12:50:55.704Z,Apple_iPhone_gnoc66udu,-0.081939697265625,0.0112152099609375,-0.9948883056640625,0.002528671408072114,0.0022559636272490025,0.0037736992817372084,43.73688350921934,-79.26308476231884,170.25357718229458,-1.0,stationary
2025-06-06T13:39:45.149913,Apple_iPhone_i57ac1ik7,-0.1541290283203125,-0.488006591796875,-0.8643035888671875,0.009301888756453991,0.004983040504157543,-0.008672051131725311,43.736884796939144,-79.26308433211025,168.19294258393347,0.3320129126867956,freefall
2025-06-06T13:39:46.652370,Apple_iPhone_i57ac1ik7,-0.1601409912109375,-0.4914398193359375,-0.855438232421875,-0.005967345088720322,0.002074069809168577,0.006087719928473234,43.736884796939144,-79.26308433211025,168.19294258393347,0.3320129126867956,freefall
2025-06-06T13:39:48.153383,Apple_iPhone_i57ac1ik7,-0.1839752197265625,-0.505706787109375,-0.841461181640625,0.10593441873788834,-0.19266878068447113,-0.007685350254178047,43.736884796939144,-79.26308433211025,168.19294258393347,0.3320129126867956,freefall
2025-06-06T13:39:49.655318,Apple_iPhone_i57ac1ik7,0.1779327392578125,-0.373504638671875,-0.907684326171875,-0.1957431435585022,-0.1902591586112976,0.04639998823404312,43.736884796939144,-79.26308433211025,168.19294258393347,0.3320129126867956,freefall
2025-06-06T13:39:51.155575,Apple_iPhone_i57ac1ik7,-0.198272705078125,-0.2926788330078125,-0.8580474853515625,1.144814133644104,-2.13666033744812,0.09021005034446716,43.73685939189041,-79.26307494255126,184.81233814370765,2.2761919498443604,turning
2025-06-06T13:39:52.658765,Apple_iPhone_i57ac1ik7,-0.000885009765625,-0.0480194091796875,-0.9528961181640625,0.00947952177375555,0.017898572608828545,0.0020445086993277073,43.7368635786171,-79.2630671922865,161.86431684570317,2.2761919498443604,freefall
2025-06-06T13:39:54.164409,Apple_iPhone_i57ac1ik7,-0.0181121826171875,-0.0388031005859375,-0.9998931884765625,-0.0007912251749075949,0.0009946906939148903,0.002679938916116953,43.736787144311236,-79.2630511497907,169.95126054669188,2.043475389480591,freefall
2025-06-06T13:39:55.664845,Apple_iPhone_i57ac1ik7,-0.0185089111328125,-0.0376434326171875,-0.9987335205078125,0.0003677825443446636,0.002353435382246971,0.003826163476333022,43.73677678637986,-79.26304715609946,170.01035241880493,1.9990166425704956,freefall
2025-06-06T13:39:57.336632,Apple_iPhone_i57ac1ik7,-0.0171661376953125,-0.040130615234375,-0.9970703125,0.0009262474486604333,0.001689775730483234,0.00290417717769742,43.7367856807155,-79.26305867222631,170.0397260598936,0,freefall
2025-06-06T13:39:58.691409,Apple_iPhone_i57ac1ik7,-0.0173797607421875,-0.0383758544921875,-0.9987640380859375,-0.000731836655177176,0.0008713863207958639,0.0021728731226176023,43.73687004439797,-79.26308466982708,170.0397260598936,0,freefall
2025-06-06T13:40:00.165871,Apple_iPhone_i57ac1ik7,-0.0163116455078125,-0.0392913818359375,-0.9976806640625,0.0020996362436562777,0.006518885493278503,0.002502306131646037,43.73687004439797,-79.26308466982708,170.0397260598936,0,freefall
2025-06-06T13:40:01.666704,Apple_iPhone_i57ac1ik7,-0.0176239013671875,-0.0399017333984375,-0.9989013671875,0.0020447750575840473,0.0015984292840585113,0.0023350596893578768,43.73688430697431,-79.2630772464496,170.06437055166177,0,freefall
2025-06-06T13:40:03.167627,Apple_iPhone_i57ac1ik7,-0.0164337158203125,-0.0392303466796875,-0.9988250732421875,0.0004921521758660674,0.002382730133831501,0.0034791536163538694,43.73688430697431,-79.2630772464496,170.06437055166177,0,freefall
2025-06-06T13:40:04.680644,Apple_iPhone_i57ac1ik7,-0.0174560546875,-0.03851318359375,-0.9964141845703125,0.0003430151555221528,0.0024170849937945604,0.002662894781678915,43.73689598377215,-79.2630822224341,169.9889175593853,0,freefall
2025-06-06T13:40:06.180008,Apple_iPhone_i57ac1ik7,-0.018096923828125,-0.03863525390625,-1.000701904296875,0.0015454323729500175,0.003968376200646162,0.0013148026773706079,43.73689598377215,-79.2630822224341,169.9889175593853,0,freefall
2025-06-06T13:40:07.683480,Apple_iPhone_i57ac1ik7,-0.0178375244140625,-0.0384674072265625,-0.9972686767578125,0.0001728391507640481,0.003334810258820653,0.003266899613663554,43.73689598377215,-79.2630822224341,169.9889175593853,0,freefall
2025-06-06T13:40:09.181554,Apple_iPhone_i57ac1ik7,-0.017822265625,-0.04058837890625,-0.9963531494140625,-0.000360059377271682,0.0025861957110464573,0.0018985675415024161,43.73689598377215,-79.2630822224341,169.9889175593853,0,freefall
2025-06-06T13:40:10.683228,Apple_iPhone_i57ac1ik7,-0.017059326171875,-0.04022216796875,-0.9967041015625,-5.459480235003866e-05,0.00341550400480628,0.005287706386297941,43.73689598377215,-79.2630822224341,169.9889175593853,0,freefall
2025-06-06T13:40:12.192064,Apple_iPhone_i57ac1ik7,-0.016204833984375,-0.03961181640625,-0.997467041015625,-3.7017940485384315e-05,0.00301682879216969,0.00370126124471426,43.73689598377215,-79.2630822224341,169.9889175593853,0,freefall
2025-06-06T13:40:13.700625,Apple_iPhone_i57ac1ik7,-0.0175018310546875,-0.0399322509765625,-0.996978759765625,0.001201618229970336,0.0022325278259813786,0.003448793664574623,43.73689598377215,-79.2630822224341,169.9889175593853,0,freefall
2025-06-06T13:45:52.604267,Apple_iPhone_2d77xn2da,-0.290435791015625,-0.846282958984375,-0.4300079345703125,-0.004186755511909723,0.03972983732819557,0.0005179848521947861,43.736899798327855,-79.26307975994871,170.44146189361,-1,freefall
2025-06-06T13:45:54.072548,Apple_iPhone_2d77xn2da,-0.2946929931640625,-0.845489501953125,-0.4335784912109375,-0.0022828616201877594,-0.0023044333793222904,-0.0015598133904859424,43.736899798327855,-79.26307975994871,170.44146189361,-1,freefall
2025-06-06T13:45:55.573498,Apple_iPhone_2d77xn2da,-0.41436767578125,-0.7759246826171875,-0.4449310302734375,-0.015367504209280014,0.010367153212428093,-0.006325540132820606,43.736899798327855,-79.26307975994871,170.44146189361,-1,freefall
2025-06-06T13:45:57.084063,Apple_iPhone_2d77xn2da,0.03839111328125,0.0139617919921875,-1.02899169921875,-0.47877323627471924,0.7815682888031006,-0.3544030785560608,43.736899798327855,-79.26307975994871,170.44146189361,-1,freefall
2025-06-06T13:45:58.572216,Apple_iPhone_2d77xn2da,0.0385894775390625,-0.04766845703125,-0.93096923828125,-0.0581653006374836,-1.8920526504516602,-0.2621123194694519,43.736899798327855,-79.26307975994871,170.44146189361,-1,turning
2025-06-06T13:46:00.073243,Apple_iPhone_2d77xn2da,0.011962890625,-0.0410003662109375,-0.990447998046875,-0.0037593182642012835,-0.0015877765836194158,-0.0013632721966132522,43.736899798327855,-79.26307975994871,170.44146189361,-1,freefall
2025-06-06T13:46:01.590453,Apple_iPhone_2d77xn2da,0.01129150390625,-0.0409088134765625,-0.9897918701171875,-0.0014045510906726122,-0.0041398839093744755,-0.0003914846747647971,43.736899798327855,-79.26307975994871,170.44146189361,-1,freefall
2025-06-06T13:46:03.089514,Apple_iPhone_2d77xn2da,0.0123138427734375,-0.040191650390625,-0.9892578125,-0.0031318773981183767,-0.003619768423959613,-0.0018136126454919577,43.736899798327855,-79.26307975994871,170.44146189361,-1,freefall
2025-06-06T13:46:04.588162,Apple_iPhone_2d77xn2da,0.0114593505859375,-0.0399932861328125,-0.990753173828125,-0.0023574302904307842,-0.0033595776185393333,6.578007742064074e-05,43.736899798327855,-79.26307975994871,170.44146189361,-1,freefall
2025-06-06T13:46:06.090862,Apple_iPhone_2d77xn2da,0.0109405517578125,-0.0399322509765625,-0.991607666015625,-0.0016445019282400608,-0.003245594445616007,-0.0035838158801198006,43.736899798327855,-79.26307975994871,170.44146189361,-1,freefall
2025-06-06T13:46:07.587755,Apple_iPhone_2d77xn2da,0.013458251953125,-0.04180908203125,-0.9891815185546875,3.6751622246811166e-05,-0.0009265137487091124,-0.0034581145737320185,43.736899798327855,-79.26307975994871,170.44146189361,-1,freefall
2025-06-06T13:46:09.090578,Apple_iPhone_2d77xn2da,0.0127105712890625,-0.04107666015625,-0.9904632568359375,-0.0008953547803685069,-0.0038988678716123104,-0.002040780382230878,43.736899798327855,-79.26307975994871,170.44146189361,-1,freefall
2025-06-06T13:46:10.596782,Apple_iPhone_2d77xn2da,0.0121612548828125,-0.041473388671875,-0.98931884765625,-0.0037729002069681883,-0.006339122075587511,-0.0009105347562581301,43.736899798327855,-79.26307975994871,170.44146189361,-1,freefall
2025-06-06T13:46:12.106057,Apple_iPhone_2d77xn2da,0.01251220703125,-0.041961669921875,-0.9877777099609375,-0.005176386330276728,-0.005555886775255203,-0.0021406488958746195,43.736899798327855,-79.26307975994871,170.44146189361,-1,freefall
2025-06-06T13:46:13.619489,Apple_iPhone_2d77xn2da,0.0134429931640625,-0.0417938232421875,-0.9901580810546875,-0.001961684552952647,-0.004062918480485678,-0.0025369273498654366,43.736899798327855,-79.26307975994871,170.44146189361,-1,freefall
2025-06-06T13:46:15.121961,Apple_iPhone_2d77xn2da,0.013092041015625,-0.0413360595703125,-0.9911041259765625,-0.0017262609908357263,-0.004135622642934322,-0.001121457084082067,43.736899798327855,-79.26307975994871,170.44146189361,-1,freefall
2025-06-06T13:46:16.631439,Apple_iPhone_2d77xn2da,0.01251220703125,-0.0415191650390625,-0.989990234375,-0.004278901033103466,-0.004564924165606499,-0.0008045409340411425,43.736899798327855,-79.26307975994871,170.44146189361,-1,freefall
2025-06-06T13:46:18.142190,Apple_iPhone_2d77xn2da,0.01239013671875,-0.0411529541015625,-0.9889984130859375,-0.0032626385800540447,-0.006433397997170687,-0.0026346652302891016,43.736899798327855,-79.26307975994871,170.44146189361,-1,freefall
2025-06-06T13:46:19.654530,Apple_iPhone_2d77xn2da,0.012176513671875,-0.04132080078125,-0.9904632568359375,-0.0001715075777610764,-0.003918042406439781,-0.002275138394907117,43.736899798327855,-79.26307975994871,170.44146189361,-1,freefall
2025-06-06T13:46:21.168616,Apple_iPhone_2d77xn2da,0.0124359130859375,-0.041534423828125,-0.990692138671875,-0.0027393274940550327,-0.002796585438773036,-0.003736148588359356,43.736899798327855,-79.26307975994871,170.44146189361,-1,freefall
2025-06-06T13:46:22.669767,Apple_iPhone_2d77xn2da,0.012359619140625,-0.0417938232421875,-0.9911041259765625,-0.0026048377621918917,-0.003999269101768732,-0.0008274441352114081,43.736899798327855,-79.26307975994871,170.44146189361,-1,freefall
2025-06-06T13:46:24.173014,Apple_iPhone_2d77xn2da,0.01171875,-0.0435943603515625,-0.9970550537109375,-0.0057255299761891365,-0.00700837466865778,-0.0006700513185933232,43.736899798327855,-79.26307975994871,170.44146189361,-1,freefall
2025-06-06T13:46:25.684869,Apple_iPhone_2d77xn2da,0.01165771484375,-0.0402984619140625,-0.9900970458984375,-0.00387330143712461,-0.004948153160512447,-0.003447728231549263,43.736899798327855,-79.26307975994871,170.44146189361,-1,freefall
2025-06-08T09:17:39.180742,Apple_iPhone_32akiiz1j,-0.0375213623046875,-0.8875732421875,-0.445831298828125,-0.0002990729990415275,-0.006417685654014349,-0.0016314524691551924,43.736899798327855,-79.26307975994871,169.7891633341533,-1,freefall
2025-06-08T09:17:40.696021,Apple_iPhone_32akiiz1j,-0.0384368896484375,-0.8867950439453125,-0.4471435546875,-0.005388906225562096,-0.005246693734079599,-0.0031097731553018093,43.736899798327855,-79.26307975994871,169.7891633341533,-1,freefall
2025-06-08T09:17:42.201823,Apple_iPhone_32akiiz1j,-0.0373077392578125,-0.8876495361328125,-0.447265625,-0.0038402783684432507,-0.003322559641674161,-0.0004207794554531574,43.736899798327855,-79.26307975994871,169.7891633341533,-1,freefall
2025-06-08T09:17:43.708959,Apple_iPhone_32akiiz1j,-0.03729248046875,-0.8881988525390625,-0.4471435546875,-0.00646562222391367,-0.0030895331874489784,-0.0025590313598513603,43.736899798327855,-79.26307975994871,169.7891633341533,-1,freefall
2025-06-08T09:17:45.209922,Apple_iPhone_32akiiz1j,-0.036285400390625,-0.888580322265625,-0.4462890625,-0.0023007048293948174,-0.0049558766186237335,0.0005387574783526361,43.736899798327855,-79.26307975994871,169.7891633341533,-1,freefall
2025-06-08T09:17:46.729185,Apple_iPhone_32akiiz1j,-0.0380706787109375,-0.8868865966796875,-0.44683837890625,-0.002895388752222061,-0.0031880701426416636,-0.001133174984715879,43.736899798327855,-79.26307975994871,169.7891633341533,-1,freefall
2025-06-08T09:17:48.229770,Apple_iPhone_32akiiz1j,-0.037445068359375,-0.888092041015625,-0.446533203125,-0.0020865867845714092,-0.0029880667570978403,-0.00219551008194685,43.736899798327855,-79.26307975994871,169.7891633341533,-1,freefall
2025-06-08T09:17:49.739469,Apple_iPhone_32akiiz1j,-0.0384521484375,-0.886749267578125,-0.4462738037109375,-0.00227886694483459,-0.0033907366450875998,-0.004037352278828621,43.736899798327855,-79.26307975994871,169.7891633341533,-1,freefall
2025-06-08T09:17:51.240556,Apple_iPhone_32akiiz1j,-0.03759765625,-0.88751220703125,-0.4472808837890625,-0.005810751114040613,-0.0047026099637150764,-0.00040613205055706203,43.736899798327855,-79.26307975994871,169.7891633341533,-1,freefall
2025-06-08T09:17:52.753028,Apple_iPhone_32akiiz1j,-0.0377960205078125,-0.8876953125,-0.445281982421875,-0.005362274590879679,-0.003753991797566414,-0.001695900922641158,43.736899798327855,-79.26307975994871,169.7891633341533,-1,freefall
2025-06-08T09:17:54.264422,Apple_iPhone_32akiiz1j,-0.038360595703125,-0.8871002197265625,-0.4466094970703125,-0.004119643941521645,-0.004093278665095568,-0.0028876655269414186,43.736899798327855,-79.26307975994871,169.7891633341533,-1,freefall
2025-06-08T09:17:55.783428,Apple_iPhone_32akiiz1j,-0.0374755859375,-0.887969970703125,-0.44744873046875,-0.0037622477393597364,-0.005246960092335939,-0.0014455638593062758,43.736899798327855,-79.26307975994871,169.7891633341533,-1,freefall
2025-06-08T09:17:57.275172,Apple_iPhone_32akiiz1j,-0.038177490234375,-0.887176513671875,-0.4469146728515625,-0.0007954862085171044,-0.004889563657343388,-0.0010636665392667055,43.736899798327855,-79.26307975994871,169.7891633341533,-1,freefall
2025-06-08T09:17:58.793252,Apple_iPhone_32akiiz1j,-0.036895751953125,-0.887786865234375,-0.4461669921875,-0.0026405241806060076,-0.004091946873813868,-0.001261273049749434,43.736899798327855,-79.26307975994871,169.7891633341533,-1,freefall
2025-06-08T09:18:00.304187,Apple_iPhone_32akiiz1j,-0.0370635986328125,-0.8878936767578125,-0.4462432861328125,-0.0037739656399935484,-0.0054826498962938786,-0.0025798040442168713,43.736899798327855,-79.26307975994871,169.7891633341533,-1,freefall
2025-06-08T09:18:01.808041,Apple_iPhone_32akiiz1j,-0.036895751953125,-0.8872528076171875,-0.4464569091796875,0.0007835020078346133,-0.005250954534858465,-0.0023614249657839537,43.736899798327855,-79.26307975994871,169.7891633341533,-1,freefall
2025-06-08T09:18:03.302461,Apple_iPhone_32akiiz1j,-0.0376434326171875,-0.8884735107421875,-0.4458160400390625,-0.002816559048369527,-0.0020391824655234814,-0.0009113337146118283,43.736899798327855,-79.26307975994871,169.7891633341533,-1,freefall
2025-06-08T09:18:04.810808,Apple_iPhone_32akiiz1j,-0.03814697265625,-0.88726806640625,-0.4474334716796875,-0.0026589001063257456,-0.003233077470213175,-0.002823483431711793,43.736899798327855,-79.26307975994871,169.7891633341533,-1,freefall
2025-06-08T09:18:06.331949,Apple_iPhone_32akiiz1j,-0.0385284423828125,-0.887237548828125,-0.4467315673828125,-0.001996571896597743,-0.004838431254029274,-0.0012199940392747521,43.736899798327855,-79.26307975994871,169.7891633341533,-1,freefall
2025-06-08T09:18:07.844759,Apple_iPhone_32akiiz1j,-0.0380401611328125,-0.8875274658203125,-0.44696044921875,-0.0008258462767116725,-0.004514058120548725,0.00019654128118418157,43.736899798327855,-79.26307975994871,169.7891633341533,-1,freefall
2025-06-08T09:18:09.348645,Apple_iPhone_32akiiz1j,-0.037567138671875,-0.8875579833984375,-0.4470062255859375,-0.0015249260468408465,-0.005565740168094635,-0.0044440170750021935,43.73691549003833,-79.26307109372908,168.61499119011958,0,freefall
2025-06-08T09:18:10.854534,Apple_iPhone_32akiiz1j,-0.038116455078125,-0.8871612548828125,-0.4469146728515625,-0.004286091309040785,-0.0019150790758430958,-0.0024823325220495462,43.73691549003833,-79.26307109372908,168.61499119011958,0,freefall
2025-06-08T09:18:12.363322,Apple_iPhone_32akiiz1j,-0.037933349609375,-0.8879241943359375,-0.4469451904296875,-0.0011891013709828258,-0.006489857099950314,7.004113285802305e-05,43.73691549003833,-79.26307109372908,168.61499119011958,0,freefall
2025-06-08T09:18:13.866480,Apple_iPhone_32akiiz1j,-0.0377044677734375,-0.8878631591796875,-0.446136474609375,-0.0024413196370005608,-0.0024626250378787518,-0.002088450826704502,43.73691549003833,-79.26307109372908,168.61499119011958,0,freefall
2025-06-08T09:18:15.380976,Apple_iPhone_32akiiz1j,-0.0374298095703125,-0.8871307373046875,-0.446136474609375,-0.002931075170636177,-0.0059750680811703205,-0.002243180526420474,43.73691549003833,-79.26307109372908,168.61499119011958,0,freefall
2025-06-08T09:18:16.892011,Apple_iPhone_32akiiz1j,-0.0372772216796875,-0.8876800537109375,-0.446441650390625,-0.002082591876387596,-0.0041031320579349995,-0.001986984396353364,43.73691549003833,-79.26307109372908,168.61499119011958,0,freefall
2025-06-08T09:18:18.399783,Apple_iPhone_32akiiz1j,-0.03729248046875,-0.8877716064453125,-0.44610595703125,-0.002975283656269312,-0.004478105343878269,0.0002884203568100929,43.73691549003833,-79.26307109372908,168.61499119011958,0,freefall
2025-06-08T09:18:19.911075,Apple_iPhone_32akiiz1j,-0.03802490234375,-0.887298583984375,-0.44677734375,-0.0009265137487091124,-0.003897003596648574,-0.002642654813826084,43.73691371170887,-79.26305547492221,168.61499119011958,0,freefall
2025-06-08T09:18:21.406075,Apple_iPhone_32akiiz1j,-0.0367279052734375,-0.8881378173828125,-0.4462432861328125,-0.002357163932174444,-0.004342816770076752,-0.000550475378986448,43.73691371170887,-79.26305547492221,168.61499119011958,0,freefall
2025-06-08T09:18:22.914169,Apple_iPhone_32akiiz1j,-0.0380859375,-0.8886260986328125,-0.44671630859375,-0.0046421559527516365,-0.0027241474017500877,-0.0008639294537715614,43.73691371170887,-79.26305547492221,168.61499119011958,0,freefall
2025-06-08T09:18:24.425437,Apple_iPhone_32akiiz1j,-0.037384033203125,-0.8876495361328125,-0.4473876953125,-0.0029561088886111975,-0.0033457293175160885,-0.002311623888090253,43.73691371170887,-79.26305547492221,168.61499119011958,0,freefall
2025-06-08T09:18:25.932142,Apple_iPhone_32akiiz1j,-0.0373077392578125,-0.8871612548828125,-0.4471435546875,-0.003969441633671522,-0.004248008131980896,-0.0005869606975466013,43.73691371170887,-79.26305547492221,168.61499119011958,0,freefall
2025-06-08T09:18:27.444278,Apple_iPhone_32akiiz1j,-0.0377197265625,-0.8883819580078125,-0.446044921875,-0.004679706413298845,-0.006654174067080021,-0.001178182428702712,43.73691371170887,-79.26305547492221,168.61499119011958,0,freefall
2025-06-08T09:18:28.954523,Apple_iPhone_32akiiz1j,-0.037078857421875,-0.88818359375,-0.4459381103515625,-0.00276063266210258,-0.00336197461001575,-0.001580053474754095,43.73691371170887,-79.26305547492221,168.61499119011958,0,freefall
2025-06-08T09:18:30.460800,Apple_iPhone_32akiiz1j,-0.0381927490234375,-0.887603759765625,-0.447052001953125,-0.004230697639286518,-0.0035121769178658724,-0.0024506407789885998,43.73691371170887,-79.26305547492221,168.61499119011958,0,freefall
2025-06-08T09:18:31.977766,Apple_iPhone_32akiiz1j,-0.0383148193359375,-0.88848876953125,-0.4478759765625,-0.003388606244698167,-0.0031153657473623753,-0.004768922459334135,43.73691371170887,-79.26305547492221,168.61499119011958,0,freefall
2025-06-08T09:18:33.478074,Apple_iPhone_32akiiz1j,-0.0371246337890625,-0.8880767822265625,-0.44671630859375,-0.0010791128734126687,-0.004093811381608248,-0.00177925790194422,43.73690364486748,-79.263054957293,169.92627436853945,0,freefall
2025-06-08T09:18:34.980702,Apple_iPhone_32akiiz1j,-0.0381317138671875,-0.887542724609375,-0.4475555419921875,-0.002139583695679903,-0.006237655878067017,-0.0006956176948733628,43.73690364486748,-79.263054957293,169.92627436853945,0,freefall
2025-06-08T09:18:36.488438,Apple_iPhone_32akiiz1j,-0.037994384765625,-0.8867340087890625,-0.4464569091796875,-0.002642654813826084,-0.0032530513126403093,-0.0007315703551284969,43.73690364486748,-79.263054957293,169.92627436853945,0,freefall
2025-06-08T09:18:38.003529,Apple_iPhone_32akiiz1j,-0.0377655029296875,-0.887359619140625,-0.4471893310546875,-0.0024687503464519978,-0.0027438548859208822,-0.0010852381819859147,43.73690364486748,-79.263054957293,169.92627436853945,0,freefall
2025-06-08T09:18:39.510385,Apple_iPhone_32akiiz1j,-0.0374298095703125,-0.88739013671875,-0.44683837890625,-0.0029459886718541384,-0.00509755639359355,-0.0027169568929821253,43.73690364486748,-79.263054957293,169.92627436853945,0,freefall
2025-06-08T09:18:41.019881,Apple_iPhone_32akiiz1j,-0.037750244140625,-0.8878021240234375,-0.4467926025390625,-0.0001310275256400928,-0.0052363071590662,-0.0021521004382520914,43.73690364486748,-79.263054957293,169.92627436853945,0,freefall
2025-06-08T09:18:42.522222,Apple_iPhone_32akiiz1j,-0.036895751953125,-0.8875579833984375,-0.4463348388671875,-0.0017012272728607059,-0.0033244239166378975,-0.001356614287942648,43.73690364486748,-79.263054957293,169.92627436853945,0,freefall
2025-06-08T09:18:44.044962,Apple_iPhone_32akiiz1j,-0.0379638671875,-0.8878021240234375,-0.446502685546875,-0.0013646037550643086,-0.00666429428383708,-0.001100684516131878,43.73690364486748,-79.263054957293,169.92627436853945,0,freefall
2025-06-08T09:18:45.544690,Apple_iPhone_32akiiz1j,-0.037628173828125,-0.88702392578125,-0.446929931640625,-0.003270095447078347,-0.005282912403345108,-0.0009291769238188863,43.73690364486748,-79.263054957293,169.92627436853945,0,freefall
2025-06-08T09:18:47.043133,Apple_iPhone_32akiiz1j,-0.0384368896484375,-0.8876800537109375,-0.446502685546875,-0.0029433255549520254,-0.0046629286371171474,-0.0016559535870328546,43.73690364486748,-79.263054957293,169.92627436853945,0,freefall
2025-06-08T09:18:48.556858,Apple_iPhone_32akiiz1j,-0.03759765625,-0.887359619140625,-0.446380615234375,-0.0013363742036744952,-0.004770520608872175,-0.0020564929582178593,43.73690364486748,-79.263054957293,169.92627436853945,0,freefall
2025-06-08T09:18:50.058833,Apple_iPhone_32akiiz1j,-0.038116455078125,-0.8878326416015625,-0.44610595703125,-0.004683967679738998,-0.004485296085476875,-0.0016010924009606242,43.73689244664632,-79.26305471573488,169.92627436853945,0,freefall
2025-06-08T09:18:51.573222,Apple_iPhone_32akiiz1j,-0.037994384765625,-0.887115478515625,-0.4461212158203125,-0.0039017973467707634,-0.005817941855639219,-0.0022956449538469315,43.73689244664632,-79.26305471573488,169.92627436853945,0,freefall
2025-06-08T09:18:53.082019,Apple_iPhone_32akiiz1j,-0.0373687744140625,-0.8877716064453125,-0.4478302001953125,-0.0006777744856663048,-0.0049071405082941055,-0.0011776498286053538,43.73689244664632,-79.26305471573488,169.92627436853945,0,freefall
2025-06-08T09:18:54.599870,Apple_iPhone_32akiiz1j,-0.037384033203125,-0.8876800537109375,-0.44732666015625,-0.002886067610234022,-0.004190217703580856,-0.0009784454014152288,43.73689244664632,-79.26305471573488,169.92627436853945,0,freefall
2025-06-08T09:18:56.097687,Apple_iPhone_32akiiz1j,-0.03717041015625,-0.886871337890625,-0.44635009765625,-0.0030218889005482197,-0.003980094101279974,-0.0014426343841478229,43.73687997072044,-79.2630528421945,169.92627436853945,0,freefall
2025-06-08T09:18:57.606395,Apple_iPhone_32akiiz1j,-0.0379638671875,-0.8876190185546875,-0.4459228515625,-0.003296194365248084,-0.004352670628577471,-0.0016056197928264737,43.73687997072044,-79.2630528421945,169.92627436853945,0,freefall
2025-06-08T09:18:59.110403,Apple_iPhone_32akiiz1j,-0.0384674072265625,-0.8875885009765625,-0.446685791015625,-0.004828577395528555,-0.003251187037676573,-0.0015614113071933389,43.73687997072044,-79.2630528421945,169.92627436853945,0,freefall
2025-06-08T09:19:00.616315,Apple_iPhone_32akiiz1j,-0.0376129150390625,-0.8871612548828125,-0.446746826171875,-0.004351338837295771,-0.005693572107702494,-0.00264851376414299,43.73687997072044,-79.2630528421945,169.92627436853945,0,freefall
2025-06-08T09:19:02.129611,Apple_iPhone_32akiiz1j,-0.0366058349609375,-0.88739013671875,-0.447174072265625,-0.002579271560534835,-0.007033142261207104,-0.002311623888090253,43.73686894806373,-79.26305160178896,169.92627436853945,0,freefall
2025-06-08T09:19:03.637465,Apple_iPhone_32akiiz1j,-0.0376129150390625,-0.8881378173828125,-0.4477691650390625,0.00013555490295402706,-0.006828877609223127,-0.0030157635919749737,43.73686894806373,-79.26305160178896,169.92627436853945,0,freefall
2025-06-08T09:19:05.148760,Apple_iPhone_32akiiz1j,-0.0373992919921875,-0.8876495361328125,-0.4468994140625,-0.0020703414920717478,-0.0031289479229599237,-0.0020682108588516712,43.73686894806373,-79.26305160178896,169.92627436853945,0,freefall
2025-06-08T09:19:06.686872,Apple_iPhone_32akiiz1j,-0.0373382568359375,-0.887481689453125,-0.4473114013671875,-0.0049007488414645195,-0.0046850331127643585,-0.002612028270959854,43.73686894806373,-79.26305160178896,169.92627436853945,0,freefall
2025-06-08T09:19:08.167953,Apple_iPhone_32akiiz1j,-0.03765869140625,-0.8873443603515625,-0.4470672607421875,-0.0027598338201642036,-0.00395772373303771,-0.0013110742438584566,43.73685904270979,-79.26305007384154,169.92627436853945,0,freefall
2025-06-08T09:35:49.937332,Apple_iPhone_32akiiz1j,0.0035552978515625,-0.044708251953125,-0.989349365234375,-0.004180630203336477,-0.004294347018003464,-0.0016623451374471188,43.736899798327855,-79.26307975994871,169.74134493259047,-1,freefall
2025-06-08T09:35:51.444524,Apple_iPhone_32akiiz1j,0.003753662109375,-0.0459747314453125,-0.9900054931640625,-0.0035752938129007816,-0.003810983384028077,-0.0006862966110929847,43.736899798327855,-79.26307975994871,169.74134493259047,-1,freefall
2025-06-08T09:35:52.952663,Apple_iPhone_32akiiz1j,0.0042266845703125,-0.0444793701171875,-0.9887237548828125,-0.004135356284677982,-0.003962517250329256,-0.0003507383225951344,43.736899798327855,-79.26307975994871,169.74134493259047,-1,freefall
2025-06-08T09:35:54.460351,Apple_iPhone_32akiiz1j,0.0046844482421875,-0.04541015625,-0.9891510009765625,-0.002062085550278425,-0.004552141297608614,-0.002910302486270666,43.736899798327855,-79.26307975994871,169.74134493259047,-1,freefall
2025-06-08T09:35:55.964982,Apple_iPhone_32akiiz1j,-0.544281005859375,-0.14599609375,-0.9953765869140625,3.0368099212646484,1.5147570371627808,-1.69393789768219,43.736899798327855,-79.26307975994871,169.74134493259047,-1,turning_fast
2025-06-08T09:35:57.476825,Apple_iPhone_32akiiz1j,0.247528076171875,-0.253509521484375,0.1787567138671875,-6.545929908752441,2.9908227920532227,-8.382170677185059,43.736899798327855,-79.26307975994871,169.74134493259047,-1,turning_fast
2025-06-08T09:35:58.992699,Apple_iPhone_32akiiz1j,0.6238555908203125,-0.1443328857421875,-0.313751220703125,3.5131421089172363,1.916502594947815,-1.9949798583984375,43.736899798327855,-79.26307975994871,169.74134493259047,-1,turning_fast
2025-06-08T09:36:00.494428,Apple_iPhone_32akiiz1j,-0.007293701171875,-0.15960693359375,-0.669830322265625,-4.864289283752441,-1.2314616441726685,0.5981731414794922,43.736899798327855,-79.26307975994871,169.74134493259047,-1,turning_fast
2025-06-08T09:36:01.999156,Apple_iPhone_32akiiz1j,-0.025482177734375,-0.225128173828125,0.9791107177734375,-0.10018599033355713,-0.0010546117555350065,-0.016748886555433273,43.736899798327855,-79.26307975994871,169.74134493259047,-1,freefall
2025-06-08T09:36:03.507754,Apple_iPhone_32akiiz1j,0.61798095703125,0.52923583984375,-0.5386810302734375,0.05259529873728752,0.4674777090549469,0.3651611804962158,43.736899798327855,-79.26307975994871,169.74134493259047,-1,freefall
2025-06-08T09:36:05.011805,Apple_iPhone_32akiiz1j,0.7967987060546875,0.1767120361328125,-0.5672607421875,0.8893290758132935,-0.01817793771624565,0.2796249985694885,43.736899798327855,-79.26307975994871,169.74134493259047,-1,freefall
2025-06-08T09:36:06.526543,Apple_iPhone_32akiiz1j,-0.1172943115234375,-0.4437408447265625,-0.8827667236328125,0.21933288872241974,-0.06282822787761688,-0.21056309342384338,43.736899798327855,-79.26307975994871,169.74134493259047,-1,freefall
2025-06-08T09:44:31.234557,Apple_iPhone_32akiiz1j,0.0040740966796875,-0.0724029541015625,-0.9875946044921875,-0.003145459573715925,-0.005629390012472868,-0.0006213154993019998,43.736899798327855,-79.26307975994871,169.74365282443617,-1,freefall
2025-06-08T09:44:32.742974,Apple_iPhone_32akiiz1j,0.0028228759765625,-0.0722503662109375,-0.98712158203125,-0.0035955337807536125,-0.003531884169206023,-0.0017907095607370138,43.736899798327855,-79.26307975994871,169.74365282443617,-1,freefall
2025-06-08T09:44:34.260358,Apple_iPhone_32akiiz1j,0.002716064453125,-0.0726470947265625,-0.9878387451171875,-0.004011519718915224,-0.004948153160512447,-0.0013486248208209872,43.736899798327855,-79.26307975994871,169.74365282443617,-1,freefall
2025-06-08T09:44:35.763292,Apple_iPhone_32akiiz1j,0.002532958984375,-0.072021484375,-0.9870758056640625,-0.002162220422178507,-0.00282082031480968,-0.001017593895085156,43.736899798327855,-79.26307975994871,169.74365282443617,-1,freefall
2025-06-08T09:44:37.267194,Apple_iPhone_32akiiz1j,0.0040283203125,-0.072052001953125,-0.9871826171875,-0.0030133668333292007,-0.0064954496920108795,-0.0004338289436418563,43.736899798327855,-79.26307975994871,169.74365282443617,-1,freefall
2025-06-08T09:44:38.782227,Apple_iPhone_32akiiz1j,0.002716064453125,-0.07177734375,-0.987091064453125,-0.0018905780743807554,-0.0038962047547101974,-0.0018785938154906034,43.736899798327855,-79.26307975994871,169.74365282443617,-1,freefall
2025-06-08T09:44:40.287168,Apple_iPhone_32akiiz1j,0.0031585693359375,-0.0722808837890625,-0.986175537109375,-0.003704989794641733,-0.005772667936980724,-0.001829591696150601,43.736899798327855,-79.26307975994871,169.74365282443617,-1,freefall
2025-06-08T09:44:41.802981,Apple_iPhone_32akiiz1j,0.0025787353515625,-0.0725555419921875,-0.9882049560546875,-0.006381999235600233,-0.005537244491279125,-0.0014476943761110306,43.736899798327855,-79.26307975994871,169.74365282443617,-1,freefall
2025-06-08T09:44:43.307185,Apple_iPhone_32akiiz1j,0.002532958984375,-0.0723419189453125,-0.987762451171875,-0.001680987305007875,-0.004231496714055538,-0.0012628709664568305,43.736899798327855,-79.26307975994871,169.74365282443617,-1,freefall
2025-06-08T09:44:44.811409,Apple_iPhone_32akiiz1j,0.0030364990234375,-0.072509765625,-0.9878387451171875,-0.0023435817565768957,-0.005846703890711069,-0.001609348226338625,43.736899798327855,-79.26307975994871,169.74365282443617,-1,freefall
2025-06-08T09:44:46.319208,Apple_iPhone_32akiiz1j,0.0027008056640625,-0.072845458984375,-0.985809326171875,-0.00310497940517962,-0.004313522018492222,-0.0016977651976048946,43.736899798327855,-79.26307975994871,169.74365282443617,-1,freefall
2025-06-08T09:44:47.849801,Apple_iPhone_32akiiz1j,0.0023956298828125,-0.072174072265625,-0.9874725341796875,-0.004310326185077429,-0.004464257042855024,-0.0008548747282475233,43.736899798327855,-79.26307975994871,169.74365282443617,-1,freefall
2025-06-08T09:44:49.333735,Apple_iPhone_32akiiz1j,0.0034027099609375,-0.0719146728515625,-0.988006591796875,-0.0017028251895681024,-0.0033949976786971092,-0.003091131104156375,43.736899798327855,-79.26307975994871,169.74365282443617,-1,freefall
2025-06-08T09:44:50.847697,Apple_iPhone_32akiiz1j,0.002777099609375,-0.072174072265625,-0.9875640869140625,-0.0034581145737320185,-0.003013899317011237,-0.0016293219523504376,43.736899798327855,-79.26307975994871,169.74365282443617,-1,freefall
2025-06-08T09:44:52.349283,Apple_iPhone_32akiiz1j,0.00244140625,-0.0719146728515625,-0.9877777099609375,-0.0023545008152723312,-0.0032924660481512547,0.0012607404496520758,43.736899798327855,-79.26307975994871,169.74365282443617,-1,freefall
2025-06-08T09:44:53.869407,Apple_iPhone_32akiiz1j,0.0034332275390625,-0.07208251953125,-0.9872283935546875,-0.0020754013676196337,-0.005587045568972826,-0.002612294629216194,43.736899798327855,-79.26307975994871,169.74365282443617,-1,freefall
2025-06-08T09:44:55.367488,Apple_iPhone_32akiiz1j,0.0028533935546875,-0.0715179443359375,-0.9871826171875,-0.004947620443999767,-0.002773415995761752,-0.001820270554162562,43.736899798327855,-79.26307975994871,169.74365282443617,-1,freefall
2025-06-08T09:51:52.024316,Apple_iPhone_32akiiz1j,0.003631591796875,-0.0720672607421875,-0.989044189453125,-0.002889263443648815,-0.004405667539685965,-0.0020839234348386526,43.736899798327855,-79.26307975994871,169.74365282443617,-1,freefall
2025-06-08T09:51:53.533096,Apple_iPhone_32akiiz1j,0.0030364990234375,-0.0721893310546875,-0.988128662109375,-0.004794222768396139,-0.004841094370931387,-0.0018311894964426756,43.736899798327855,-79.26307975994871,169.74365282443617,-1,freefall
2025-06-08T09:51:55.047862,Apple_iPhone_32akiiz1j,0.002777099609375,-0.071807861328125,-0.9881134033203125,-0.003725496120750904,-0.006557235028594732,-0.003409911412745714,43.736899798327855,-79.26307975994871,169.74365282443617,-1,freefall
2025-06-08T09:51:56.547364,Apple_iPhone_32akiiz1j,0.0035858154296875,-0.0724639892578125,-0.9875640869140625,-0.0025355955585837364,-0.003070891136303544,-0.0021789984311908484,43.736899798327855,-79.26307975994871,169.74365282443617,-1,freefall
2025-06-08T09:51:58.053887,Apple_iPhone_32akiiz1j,0.0032958984375,-0.07183837890625,-0.9875946044921875,-0.0026053704787045717,-0.004326305352151394,-0.003638410707935691,43.736899798327855,-79.26307975994871,169.74365282443617,-1,freefall
2025-06-08T09:51:59.562739,Apple_iPhone_32akiiz1j,0.003692626953125,-0.0715179443359375,-0.98681640625,-0.0015030881622806191,-0.00413482403382659,-0.0020010992884635925,43.736899798327855,-79.26307975994871,169.74365282443617,-1,freefall
2025-06-08T09:52:01.071915,Apple_iPhone_32akiiz1j,0.003570556640625,-0.0717620849609375,-0.9871368408203125,-0.0026578346733003855,-0.0059993029572069645,-0.00040506679215468466,43.736899798327855,-79.26307975994871,169.74365282443617,-1,freefall
2025-06-08T09:52:02.585072,Apple_iPhone_32akiiz1j,0.00335693359375,-0.0720672607421875,-0.98779296875,-0.0031872710678726435,-0.004324174486100674,-0.0016769925132393837,43.736899798327855,-79.26307975994871,169.74365282443617,-1,freefall
2025-06-08T09:52:04.084904,Apple_iPhone_32akiiz1j,0.003753662109375,-0.07196044921875,-0.98822021484375,-0.0016133430181071162,-0.005115133244544268,-0.0027134947013109922,43.736899798327855,-79.26307975994871,169.74365282443617,-1,freefall
2025-06-08T09:52:05.599783,Apple_iPhone_32akiiz1j,0.0031890869140625,-0.0717010498046875,-0.9876708984375,-0.002548911375924945,-0.0036155073903501034,-0.0035518580116331577,43.736899798327855,-79.26307975994871,169.74365282443617,-1,freefall
2025-06-08T09:52:07.110037,Apple_iPhone_32akiiz1j,0.00335693359375,-0.072540283203125,-0.9871673583984375,-0.003463707398623228,-0.003020024625584483,-0.0022748722694814205,43.736899798327855,-79.26307975994871,169.74365282443617,-1,freefall
2025-06-08T09:52:08.617720,Apple_iPhone_32akiiz1j,0.004150390625,-0.0721435546875,-0.988037109375,-0.005132710561156273,-0.005881591234356165,-0.0009869674686342478,43.736899798327855,-79.26307975994871,169.74365282443617,-1,freefall
2025-06-08T09:52:10.119924,Apple_iPhone_32akiiz1j,0.0035400390625,-0.0710906982421875,-0.98699951171875,-0.0019627497531473637,-0.0060110208578407764,-0.002758768619969487,43.736899798327855,-79.26307975994871,169.74365282443617,-1,freefall
2025-06-08T09:52:11.625378,Apple_iPhone_32akiiz1j,0.0029296875,-0.0723724365234375,-0.9874420166015625,-0.00270736962556839,-0.005697300657629967,-0.0011499529937282205,43.736899798327855,-79.26307975994871,169.74365282443617,-1,freefall
2025-06-08T09:52:13.139121,Apple_iPhone_32akiiz1j,0.00335693359375,-0.07183837890625,-0.9884490966796875,-0.003406715579330921,-0.004369714763015509,-0.0016016251174733043,43.736899798327855,-79.26307975994871,169.74365282443617,-1,freefall
2025-06-08T09:52:14.647278,Apple_iPhone_32akiiz1j,0.0027008056640625,-0.071868896484375,-0.98712158203125,-0.0028913940768688917,-0.003932689782232046,-0.0001613875647308305,43.736899798327855,-79.26307975994871,169.74365282443617,-1,freefall
2025-06-08T09:55:57.654768,Apple_iPhone_32akiiz1j,0.0041351318359375,-0.071197509765625,-0.986846923828125,-0.003215234261006117,-0.0028724854346364737,-0.001163002452813089,43.736899798327855,-79.26307975994871,169.74134493259047,-1,freefall
2025-06-08T09:55:59.143449,Apple_iPhone_32akiiz1j,0.00372314453125,-0.07122802734375,-0.987884521484375,-0.0034991272259503603,-0.006874683778733015,-0.0005941512063145638,43.736899798327855,-79.26307975994871,169.74134493259047,-1,freefall
2025-06-08T09:56:00.655362,Apple_iPhone_32akiiz1j,0.003875732421875,-0.0708465576171875,-0.9872589111328125,-0.001332912128418684,-0.004613393917679787,-0.0010455570882186294,43.736899798327855,-79.26307975994871,169.74134493259047,-1,freefall
2025-06-08T09:56:02.154417,Apple_iPhone_32akiiz1j,0.0032806396484375,-0.07122802734375,-0.987396240234375,-0.0008077367674559355,-0.0030306773260235786,-0.002287655370309949,43.736899798327855,-79.26307975994871,169.74134493259047,-1,freefall
2025-06-08T09:56:03.654738,Apple_iPhone_32akiiz1j,-0.0068359375,-0.07818603515625,-1.0809326171875,-0.04334241524338722,0.030615700408816338,-0.0014255901332944632,43.736899798327855,-79.26307975994871,169.74134493259047,-1,freefall
2025-06-08T09:56:05.149333,Apple_iPhone_32akiiz1j,0.00335693359375,-0.0714111328125,-0.989410400390625,-0.004285292699933052,-0.0006745787104591727,-0.0019177423091605306,43.736899798327855,-79.26307975994871,169.74134493259047,-1,freefall
2025-06-08T09:56:06.663131,Apple_iPhone_32akiiz1j,0.0038299560546875,-0.0718536376953125,-0.9873199462890625,-0.001561944023706019,-0.003192064817994833,-0.0007432882557623088,43.736899798327855,-79.26307975994871,169.74134493259047,-1,freefall
2025-06-08T09:56:08.163103,Apple_iPhone_32akiiz1j,0.00341796875,-0.0714874267578125,-0.98687744140625,-0.0032631712965667248,-0.002412291243672371,-0.0031696942169219255,43.736899798327855,-79.26307975994871,169.74134493259047,-1,freefall
2025-06-08T09:56:09.663931,Apple_iPhone_32akiiz1j,0.0039520263671875,-0.0716094970703125,-0.9873504638671875,-0.0021552962716668844,-0.0034200313966721296,-0.00247540813870728,43.736899798327855,-79.26307975994871,169.74134493259047,-1,freefall
2025-06-08T09:56:11.168401,Apple_iPhone_32akiiz1j,0.0022430419921875,-0.07196044921875,-0.987945556640625,-0.001773398951627314,-0.004744155332446098,-0.0012535499408841133,43.736899798327855,-79.26307975994871,169.74134493259047,-1,freefall
2025-06-08T09:56:12.671213,Apple_iPhone_32akiiz1j,0.0037689208984375,-0.07171630859375,-0.9874420166015625,-0.001614940818399191,-0.0028794098179787397,-0.0014389059506356716,43.736899798327855,-79.26307975994871,169.74134493259047,-1,freefall
2025-06-08T09:56:14.167016,Apple_iPhone_32akiiz1j,0.0028533935546875,-0.072113037109375,-0.988067626953125,-0.003596332622691989,-0.006336192600429058,-0.0027092336677014828,43.736899798327855,-79.26307975994871,169.74134493259047,-1,freefall
2025-06-08T09:56:15.670832,Apple_iPhone_32akiiz1j,0.0033416748046875,-0.0716705322265625,-0.9872283935546875,-0.002915362361818552,-0.0062712118960917,-0.0015014902455732226,43.736899798327855,-79.26307975994871,169.74134493259047,-1,freefall
2025-06-08T09:56:17.182079,Apple_iPhone_32akiiz1j,0.0033111572265625,-0.071929931640625,-0.9881439208984375,-0.0015954998089000583,-0.00464694993570447,-0.0004348942020442337,43.73690914722882,-79.26306699041501,173.10757840072054,0,freefall
2025-06-08T09:56:18.691263,Apple_iPhone_32akiiz1j,0.002593994140625,-0.072296142578125,-0.986846923828125,-0.004818723537027836,-0.002841326640918851,-0.0009941579774022102,43.73690914722882,-79.26306699041501,173.10757840072054,0,freefall
2025-06-08T09:56:20.200620,Apple_iPhone_32akiiz1j,0.003021240234375,-0.0712432861328125,-0.988861083984375,-0.002858903491869569,-0.001618136651813984,-0.002073803450912237,43.73690914722882,-79.26306699041501,173.10757840072054,0,freefall
